code,name,orgId,status,pages,chars,carbon_kw,action_kw,soft_kw,carbon_num,env_head,biz,sec
000078,海王生物,gssz0000078,ok,270,260024,0,0,6,,环境信息|社会责任情况,医药|TMT/电子|消费|地产建筑,18.3
000677,恒天海龙,gssz0000677,ok,155,129350,5,5,7,,环境信息|社会责任情况,TMT/电子|消费,15.2
000793,*ST华闻,gssz0000793,ok,232,221966,0,0,5,,环境信息|社会责任情况,TMT/电子,19.8
000858,五 粮 液,gssz0000858,ok,141,149842,0,0,3,,环境信息|社会责任情况,消费|地产建筑,12.8
000892,欢瑞世纪,gssz0000892,ok,152,156755,0,0,4,,环境信息|社会责任情况,TMT/电子,13.6
000981,山子高科,gssz0000981,ok,224,213534,0,0,3,,环境信息|社会责任情况,TMT/电子|消费|地产建筑,19.1
002031,巨轮智能,gssz0002031,ok,204,178983,1,14,6,,环境信息|社会责任情况,TMT/电子|地产建筑,17.3
002082,万邦德,9900001284,ok,200,219724,0,2,8,,环境信息|社会责任情况,医药|TMT/电子|消费|地产建筑,16.6
002109,兴化股份,9900002009,ok,188,181688,2,14,5,,环境信息|社会责任情况,化工|消费|地产建筑,19.0
002198,嘉应制药,9900003905,ok,212,171636,0,0,3,,环境信息|社会责任情况,医药|TMT/电子,15.5
002269,美邦服饰,9900005143,ok,165,141086,1,0,2,,环境信息|社会责任情况,TMT/电子|消费,12.5
002310,东方新能,9900009031,ok,233,178707,8,9,19,,环境信息|社会责任情况,能源电力|TMT/电子|地产建筑,14.3
002368,太极股份,9900010929,ok,260,235634,0,0,2,,环境信息|社会责任情况,TMT/电子|地产建筑,24.6
002486,嘉麟杰,9900014995,ok,215,177269,4,19,16,,环境信息|社会责任情况,化工|TMT/电子|消费,16.3
002514,宝馨科技,9900016129,ok,253,207608,8,7,17,,环境信息|社会责任情况,TMT/电子|消费|地产建筑,19.2
002602,世纪华通,9900021007,ok,255,241927,0,2,9,,环境信息|社会责任情况,TMT/电子,23.9
002605,姚记科技,9900021171,ok,227,202190,0,0,4,,环境信息|社会责任情况,TMT/电子,22.2
002609,捷顺科技,9900021238,ok,181,185316,3,16,10,,环境信息|社会责任情况,TMT/电子,18.5
002663,普邦股份,9900022158,ok,221,190768,0,4,10,,环境信息|社会责任情况,TMT/电子|地产建筑,22.2
002667,威领股份,9900022274,ok,226,185912,4,5,6,,环境信息|社会责任情况,钢铁建材|TMT/电子,11.9
002808,*ST恒久,9900010487,ok,197,173102,1,0,3,,环境信息|社会责任情况,TMT/电子|地产建筑,11.2
002828,贝肯能源,9900028824,ok,165,164979,4,16,23,,环境信息|社会责任情况,TMT/电子|地产建筑,14.4
002883,中设股份,9900031776,ok,237,199000,1,15,10,,环境信息|社会责任情况,钢铁建材|TMT/电子|地产建筑,16.8
002898,*ST赛隆,9900032573,ok,230,189183,0,2,6,,环境信息|社会责任情况,医药|TMT/电子|消费,12.8
002989,中天精装,9900034522,ok,234,233401,0,0,10,,环境信息|社会责任情况,TMT/电子|消费|地产建筑,20.4
300010,豆神教育,9900008267,ok,228,204360,0,0,3,,环境信息|社会责任情况,TMT/电子|消费,13.2
300029,*ST天龙,9900009118,ok,182,133131,3,1,2,,环境信息|社会责任情况,能源电力|TMT/电子|地产建筑,9.7
300076,GQY视讯,9900011370,ok,206,199356,0,4,7,,环境信息|社会责任情况,TMT/电子|消费|地产建筑,17.7
300094,国联水产,9900012529,ok,196,173721,0,0,6,,环境信息|社会责任情况,TMT/电子|消费,18.6
300167,ST迪威迅,9900016311,ok,217,161446,2,1,5,,环境信息|社会责任情况,TMT/电子|消费|地产建筑,14.8
300352,北信源,9900022471,ok,261,262664,0,0,7,,环境信息|社会责任情况,TMT/电子|地产建筑,22.9
300396,迪瑞医疗,9900022681,ok,221,214664,1,3,15,,环境信息|社会责任情况,医药|TMT/电子,21.0
300430,诚益通,9900023829,ok,227,205137,3,13,14,,环境信息|社会责任情况,医药|TMT/电子|消费,18.1
300560,中富通,9900029016,ok,250,214563,1,4,8,,环境信息|社会责任情况,TMT/电子|地产建筑,17.3
300572,安车检测,9900028813,ok,197,222415,1,0,2,,环境信息|社会责任情况,TMT/电子,14.4
300716,ST泉为,9900034391,ok,255,226975,0,3,9,,环境信息|社会责任情况,化工|TMT/电子|地产建筑,14.8
301030,仕净科技,gfbj0835710,ok,264,210806,12,56,10,,环境信息|社会责任情况,钢铁建材|化工|TMT/电子|地产建筑,10.6
301152,天力锂能,gfbj0833757,ok,264,208640,3,5,14,,环境信息|社会责任情况,TMT/电子,18.8
600009,上海机场,gssh0600009,ok,187,187367,1,1,5,,环境信息,化工|TMT/电子|消费|地产建筑,16.8
600072,中船科技,gssh0600072,ok,329,334497,9,4,6,,环境信息,能源电力|化工|TMT/电子|地产建筑,29.1
600076,康欣新材,gssh0600076,ok,228,179993,11,7,7,,环境信息,TMT/电子|消费|地产建筑,15.1
600107,ST尔雅,gssh0600107,ok,243,176445,0,1,9,,环境信息,消费,15.4
600117,西宁特钢,gssh0600117,ok,261,236503,3,19,10,,环境信息,钢铁建材|地产建筑,20.2
600150,中国船舶,gssh0600150,ok,258,297848,4,14,19,,环境信息,钢铁建材|化工|TMT/电子|地产建筑,26.2
600158,中体产业,gssh0600158,ok,198,178158,0,0,7,,环境信息,TMT/电子|消费|地产建筑,16.6
600187,国中水务,gssh0600187,ok,208,192481,9,22,7,,环境信息,化工|TMT/电子|消费|地产建筑,17.5
600208,衢州发展,gssh0600208,ok,219,205255,1,4,22,,环境信息,化工|TMT/电子|消费|地产建筑,18.9
600212,绿能慧充,gssh0600212,ok,220,194185,1,1,7,,环境信息,钢铁建材|TMT/电子|地产建筑,16.3
600229,城市传媒,gssh0600229,ok,214,187461,0,0,7,,环境信息,TMT/电子|消费,16.6
600238,*ST椰岛,gssh0600238,ok,222,168561,0,2,5,,环境信息|环保情况,消费|地产建筑,12.6
600246,万通发展,gssh0600246,ok,229,205120,0,1,7,,环境信息,TMT/电子|地产建筑,18.0
600248,陕建股份,gssh0600248,ok,393,434968,18,34,12,,环境信息,能源电力|TMT/电子|地产建筑,39.7
600302,标准股份,gssh0600302,ok,184,166471,0,1,6,,环境信息,TMT/电子|消费,13.9
600322,津投城开,gssh0600322,ok,208,183985,0,0,6,,环境信息,消费|地产建筑,16.0
600328,中盐化工,gssh0600328,ok,275,238423,8,30,11,,环境信息,医药|钢铁建材|化工|TMT/电子|消费,20.3
600337,美克家居,gssh0600337,ok,350,211142,0,0,8,,环境信息,TMT/电子|消费,18.5
600340,华夏幸福,gssh0600340,ok,372,383337,3,4,17,,环境信息,TMT/电子|消费|地产建筑,34.0
600354,敦煌种业,gssh0600354,ok,167,158927,0,1,6,,环境信息,消费,15.2
600363,联创光电,gssh0600363,ok,220,219557,1,7,15,,环境信息,TMT/电子|消费|地产建筑,18.8
600381,*ST春天,gssh0600381,ok,226,166733,0,1,11,,环境信息,医药|TMT/电子|消费,14.4
600392,盛和资源,gssh0600392,ok,259,212848,0,5,7,,环境信息,其他,18.8
600396,华电辽能,gssh0600396,ok,207,174476,12,7,8,,环境信息,能源电力|TMT/电子,15.0
600400,红豆股份,gssh0600400,ok,192,201326,0,0,6,,环境信息,TMT/电子|消费,18.4
600406,国电南瑞,gssh0600406,ok,306,281172,2,10,10,,环境信息,能源电力|TMT/电子|地产建筑,21.5
600436,片仔癀,gssh0600436,ok,300,223546,1,6,9,,环境信息,医药|化工|消费|地产建筑,19.0
600438,通威股份,gssh0600438,ok,254,250095,7,7,24,324.26万吨,环境信息,能源电力|化工|TMT/电子|消费|地产建筑,23.1
600482,中国动力,gssh0600482,ok,294,295859,2,16,7,,环境信息,化工|TMT/电子|地产建筑,25.3
600491,龙元建设,gssh0600491,ok,245,226094,14,13,7,,环境信息,TMT/电子|地产建筑,19.9
600517,国网英大,gssh0600517,ok,238,233821,34,27,16,"4,175吨;1.82万吨",环境信息,TMT/电子,20.8
600521,华海药业,gssh0600521,ok,254,220581,0,1,11,,环境信息,医药|TMT/电子|消费,18.5
600540,新赛股份,gssh0600540,ok,205,175364,0,6,5,,环境信息,化工|TMT/电子|消费,15.3
600567,山鹰国际,gssh0600567,ok,218,223262,6,9,10,,环境信息,医药|TMT/电子|消费|地产建筑,19.5
600587,新华医疗,gssh0600587,ok,289,224893,0,9,8,,环境信息,医药|TMT/电子|消费|地产建筑,20.0
600599,*ST熊猫,gssh0600599,ok,183,155466,0,1,5,,环境信息,消费|地产建筑,13.2
600608,*ST沪科,gssh0600608,ok,214,166267,0,0,7,,环境信息,TMT/电子|消费|地产建筑,11.5
600620,天宸股份,gssh0600620,ok,164,151918,0,1,5,,环境信息,地产建筑,14.2
600624,ST复华,gssh0600624,ok,195,201790,5,9,16,,环境信息,医药|TMT/电子|消费|地产建筑,18.3
600636,*ST国化,gssh0600636,ok,181,145775,0,0,7,,环境信息,TMT/电子,11.4
600643,爱建集团,gssh0600643,ok,278,210384,0,3,15,,环境信息,TMT/电子|消费,17.7
600653,申华控股,gssh0600653,ok,167,167610,0,0,5,,环境信息,能源电力|TMT/电子|消费|地产建筑,14.1
600682,南京新百,gssh0600682,ok,341,298299,0,1,12,,环境信息,医药|TMT/电子|消费|地产建筑,26.5
600696,*ST岩石,gssh0600696,ok,197,159414,0,0,6,,环境信息,化工|TMT/电子|消费|地产建筑,14.3
600745,闻泰科技,gssh0600745,ok,355,264312,5,8,14,,环境信息,能源电力|TMT/电子|消费,25.2
600779,水井坊,gssh0600779,ok,192,144691,0,3,16,,环境信息,TMT/电子|消费,12.6
600783,鲁信创投,gssh0600783,ok,217,186243,0,4,8,,环境信息,医药|TMT/电子,17.0
600807,济高发展,gssh0600807,ok,204,184631,0,0,8,,环境信息,医药|钢铁建材|TMT/电子|消费|地产建筑,15.9
600844,金煤科技,gssh0600844,ok,198,160830,6,4,8,,环境信息,化工|TMT/电子,15.0
600847,万里股份,gssh0600847,ok,168,115594,0,2,6,,环境信息,TMT/电子|消费,10.6
600850,电科数字,gssh0600850,ok,217,202359,0,1,8,,环境信息,医药|TMT/电子|地产建筑,17.5
600884,杉杉股份,gssh0600884,ok,189,193629,1,0,10,,环境信息,化工|TMT/电子|消费,18.1
600887,伊利股份,gssh0600887,ok,259,238276,2,1,33,,环境信息,消费,19.4
600892,*ST大晟,gssh0600892,ok,203,158780,0,0,5,,环境信息,TMT/电子|消费,13.8
600897,厦门空港,gssh0600897,ok,185,151811,0,0,7,,环境信息,TMT/电子|消费,13.8
600900,长江电力,gssh0600900,ok,259,244712,5,15,19,,环境信息,能源电力|TMT/电子|消费|地产建筑,21.3
600905,三峡能源,9900016549,ok,306,324388,44,23,28,,环境信息,能源电力|钢铁建材|TMT/电子|地产建筑,29.0
600933,爱柯迪,gfbj0834393,ok,260,231188,0,22,13,,环境信息,TMT/电子,21.0
600965,福成股份,gssh0600965,ok,228,193011,0,2,9,,环境信息,钢铁建材|TMT/电子|消费|地产建筑,15.7
600996,贵广网络,9900030438,ok,216,205886,0,5,10,,环境信息,TMT/电子|地产建筑,15.6
601003,柳钢股份,9900002182,ok,187,178423,4,10,5,,环境信息,钢铁建材|TMT/电子|地产建筑,15.9
601006,大秦铁路,9900000261,ok,221,194278,1,1,8,,环境信息,能源电力|TMT/电子|地产建筑,15.2
601106,中国一重,9900010530,ok,247,199753,0,1,5,,环境信息,钢铁建材|化工|TMT/电子|地产建筑,18.2
601162,天风证券,qsgn0000533,ok,230,222533,2,4,15,,环境信息,消费,18.4
601187,厦门银行,9900012128,ok,273,255258,2,5,18,,环境信息,金融|化工|TMT/电子|消费|地产建筑,24.1
601222,林洋能源,9900021223,ok,229,233873,14,10,15,,环境信息,能源电力|TMT/电子|地产建筑,20.6
601666,平煤股份,9900001301,ok,297,233285,2,29,8,,环境信息,钢铁建材|化工|TMT/电子|消费|地产建筑,21.6
601696,中银证券,qsgn0000638,ok,228,232240,0,0,8,,环境信息,TMT/电子,19.7
603021,ST华鹏,9900023482,ok,192,158730,4,9,4,,环境信息,TMT/电子|消费,13.9
603023,威帝股份,9900023114,ok,198,148173,1,2,5,,环境信息,医药|TMT/电子,13.2
603027,千禾味业,9900024904,ok,190,154680,0,1,6,,环境信息,消费,13.8
603030,全筑股份,9900023461,ok,219,175892,0,16,5,,环境信息,TMT/电子|消费|地产建筑,16.5
603051,鹿山新材,9900022812,ok,227,195254,3,10,18,,环境信息,医药|能源电力|化工|TMT/电子|消费,17.6
603052,可川科技,9900039839,ok,171,160250,0,0,4,,环境信息,TMT/电子,12.4
603128,华贸物流,9900022718,ok,251,218314,0,3,11,,环境信息,TMT/电子,20.2
603189,网达软件,9900026063,ok,189,154775,0,0,6,,环境信息,TMT/电子,13.6
603195,公牛集团,9900037723,ok,204,179783,1,2,10,,环境信息,TMT/电子|消费,15.6
603212,赛伍技术,9900036558,ok,261,197987,1,5,8,,环境信息,能源电力|化工|TMT/电子|消费|地产建筑,17.1
603215,比依股份,nssc1000801,ok,231,208766,1,7,14,,环境信息,TMT/电子|消费,17.5
603280,南方路机,nssc1000815,ok,269,189430,19,23,12,,环境信息,钢铁建材|TMT/电子|地产建筑,21.7
603290,斯达半导,9900023794,ok,213,173394,4,6,7,,环境信息,TMT/电子,15.1
603323,苏农银行,9900022945,ok,177,161025,0,1,18,,,金融|TMT/电子|消费,20.6
603358,华达科技,9900029980,ok,204,168104,0,1,6,,环境信息,钢铁建材,14.9
603368,柳药集团,9900022939,ok,269,218675,0,2,10,,环境信息,医药|化工|TMT/电子|消费,19.7
603378,亚士创能,9900030399,ok,220,179872,2,62,8,,环境信息,钢铁建材|化工|TMT/电子|消费|地产建筑,15.2
603387,基蛋生物,9900031490,ok,235,196499,0,0,9,,环境信息,医药|TMT/电子,16.9
603389,*ST亚振,9900026793,ok,231,184236,0,2,7,,环境信息,化工|TMT/电子|消费,13.9
603398,*ST沐邦,9900024444,ok,248,206722,2,1,5,,环境信息,医药|能源电力|TMT/电子|消费,17.8
603528,多伦科技,9900026209,ok,190,163396,1,0,5,,环境信息,TMT/电子|消费,14.8
603535,嘉诚国际,9900023643,ok,280,187041,0,0,6,,环境信息,TMT/电子|消费,17.3
603567,珍宝岛,9900023465,ok,259,223594,0,3,11,,环境信息,医药|化工|TMT/电子|消费,16.8
603580,*ST艾艾,gfbj0430599,ok,176,147092,0,4,5,,环境信息,化工|TMT/电子|消费,13.2
603609,禾丰股份,9900022976,ok,265,256246,0,7,14,,环境信息,消费,20.3
603628,清源股份,9900023615,ok,236,233931,14,10,9,,环境信息,能源电力|TMT/电子|消费|地产建筑,20.2
603636,南威软件,9900023642,ok,262,241896,0,0,7,,环境信息,医药|TMT/电子|消费|地产建筑,20.6
603661,恒林股份,9900022987,ok,246,193316,3,3,25,,环境信息,TMT/电子|消费,17.4
603668,天马科技,9900029592,ok,303,301589,3,14,18,,环境信息,TMT/电子|消费,26.0
603690,至纯科技,9900023872,ok,331,227254,0,0,6,,环境信息,化工|TMT/电子|消费|地产建筑,19.7
603707,健友股份,9900022971,ok,233,195759,0,2,6,,环境信息,医药|TMT/电子|消费,17.0
603711,香飘飘,9900031497,ok,196,171503,0,0,9,,环境信息,TMT/电子|消费,15.3
603717,天域生物,9900030817,ok,240,207913,1,0,8,,环境信息,能源电力|消费|地产建筑,17.9
603718,海利生物,9900023467,ok,249,224820,0,9,13,,环境信息,医药|TMT/电子,19.3
603759,海天股份,9900041834,ok,300,219853,4,9,9,,环境信息,化工|TMT/电子|地产建筑,19.2
603800,洪田股份,9900024532,ok,228,183098,0,1,10,,环境信息,钢铁建材|TMT/电子,16.1
603801,志邦家居,9900032419,ok,246,208740,3,6,15,,环境信息,TMT/电子|消费|地产建筑,20.3
603818,曲美家居,9900023523,ok,213,190684,0,1,4,,环境信息,TMT/电子|消费|地产建筑,17.3
603843,*ST正平,9900027728,ok,309,231371,0,5,9,,环境信息,钢铁建材|TMT/电子|消费|地产建筑,16.7
603880,南卫股份,9900031500,ok,175,151251,1,2,5,,环境信息,医药|消费,14.0
603898,好莱客,9900023664,ok,240,207176,0,2,8,,环境信息,TMT/电子|消费|地产建筑,17.7
603927,中科软,gfbj0430002,ok,213,194540,0,0,9,,环境信息,TMT/电子|地产建筑,17.7
603978,深圳新星,9900031492,ok,256,217835,12,7,7,,环境信息,TMT/电子,18.9
603989,艾华集团,9900023223,ok,227,186624,1,2,15,,环境信息,TMT/电子|消费,16.7
605008,长鸿高科,9900039739,ok,236,193329,2,7,7,,环境信息,化工|TMT/电子|地产建筑,17.4
605081,*ST太和,9900039856,ok,240,207857,2,3,15,,环境信息,TMT/电子|消费|地产建筑,18.3
605122,四方新材,9900039751,ok,197,168824,1,7,9,,环境信息,钢铁建材|化工|TMT/电子|地产建筑,14.4
605287,德才股份,9900041678,ok,273,233702,7,16,14,,环境信息,地产建筑,21.5
605288,凯迪股份,9900038386,ok,192,150434,0,1,8,,环境信息,TMT/电子|消费,13.5
605303,园林股份,9900031489,ok,206,168569,0,3,5,,环境信息,TMT/电子|消费|地产建筑,14.9
688001,华兴源创,9900038969,ok,300,278848,0,13,24,,环境信息,TMT/电子,25.3
688007,光峰科技,9900038970,ok,222,198358,4,6,14,68.97万吨,环境信息,医药|TMT/电子,18.2
688022,瀚川智能,9900039049,ok,354,258956,3,1,9,,环境信息,TMT/电子,27.0
688032,禾迈股份,9900046513,ok,273,209874,18,3,20,,环境信息,能源电力|TMT/电子|地产建筑,18.6
688033,天宜新材,9900039155,ok,265,247870,0,2,10,,环境信息,化工|TMT/电子|消费|地产建筑,16.1
688066,航天宏图,fzqy1026111,ok,370,245354,9,2,14,,环境信息,TMT/电子,21.4
688075,安旭生物,nssc1000391,ok,187,183386,0,0,9,,环境信息,医药|TMT/电子|消费,15.8
688076,ST诺泰,gfbj0835572,ok,313,257686,0,1,5,,环境信息,医药|化工|TMT/电子|消费,22.6
688150,莱特光电,gfbj0835249,ok,269,228212,1,5,13,,环境信息,TMT/电子|地产建筑,20.2
688159,有方科技,gfbj0835770,ok,267,222234,5,11,5,,环境信息,TMT/电子|消费,19.0
688171,纬德信息,nssc1000503,ok,232,195340,0,2,6,,环境信息,TMT/电子|地产建筑,17.7
688189,南新制药,9900039656,ok,241,193749,1,4,8,,环境信息,医药|化工|TMT/电子|消费,14.6
688212,澳华内镜,9900047918,ok,249,212566,0,2,8,,环境信息,医药|TMT/电子,18.0
688218,江苏北人,gfbj0836084,ok,263,233017,3,10,15,,环境信息,TMT/电子|地产建筑,20.6
688219,会通股份,9900041353,ok,250,217366,7,11,14,,环境信息,医药|化工|TMT/电子|消费,19.7
688223,晶科能源,9900017709,ok,289,285717,10,11,25,,环境信息,能源电力|TMT/电子,24.6
688237,超卓航科,gfbj0839971,ok,293,234070,0,1,9,,环境信息,医药|TMT/电子|消费|地产建筑,20.7
688247,宣泰医药,9900046770,ok,255,212430,0,0,20,,环境信息,医药|TMT/电子|消费,18.3
688272,富吉瑞,9900046529,ok,275,203270,2,3,7,,环境信息,TMT/电子,16.6
688289,圣湘生物,nssc1000305,ok,269,227464,0,0,7,,环境信息,医药|TMT/电子|地产建筑,20.0
688323,瑞华泰,9900041792,ok,213,177114,1,6,16,,环境信息,化工|TMT/电子,15.7
688333,铂力特,9900039046,ok,268,226623,0,2,7,,环境信息,医药|TMT/电子|地产建筑,19.5
688339,亿华通,gfbj0834613,ok,241,214849,12,5,16,,环境信息,TMT/电子,18.3
688348,昱能科技,9900052521,ok,252,209659,4,4,10,"5,400吨",环境信息,能源电力|TMT/电子|地产建筑,17.1
688409,富创精密,9900048393,ok,289,232019,1,0,9,,环境信息,TMT/电子,21.4
688410,山外山,gfbj0838057,ok,267,240827,0,2,16,,环境信息,医药|化工|TMT/电子|地产建筑,21.1
688439,振华风光,9900053041,ok,238,222879,1,2,19,,环境信息,TMT/电子|地产建筑,19.2
688443,智翔金泰,9900056031,ok,235,194913,1,4,9,,环境信息,医药|TMT/电子,15.2
688458,美芯晟,9900055791,ok,254,215508,0,3,11,,环境信息,TMT/电子|消费,18.2
688478,晶升股份,9900053817,ok,267,227930,0,4,9,,环境信息,TMT/电子|消费,19.3
688484,南芯科技,9900056052,ok,327,253023,2,2,14,,环境信息,TMT/电子,22.2
688559,海目星,9900041799,ok,293,256955,3,4,16,,环境信息,医药|TMT/电子|消费,22.5
688561,奇安信,9900041361,ok,283,288669,0,0,23,,环境信息,TMT/电子|消费,24.6
688567,孚能科技,9900040620,ok,240,205529,0,1,19,,环境信息,化工|TMT/电子,18.9
688573,信宇人,9900041756,ok,255,246526,0,12,11,,环境信息,TMT/电子|消费,21.8
688576,西山科技,gfbj0834788,ok,191,171307,0,0,7,,环境信息,医药|TMT/电子,15.5
688599,天合光能,GD155612,ok,335,314386,12,4,29,,环境信息,能源电力|TMT/电子|地产建筑,26.3
688618,三旺通信,nssc1000604,ok,290,265104,11,7,36,,环境信息,能源电力|TMT/电子|消费|地产建筑,22.6
688625,呈和科技,gfbj0838731,ok,238,197257,13,29,38,,环境信息,医药|化工|TMT/电子|消费,18.0
688710,益诺思,9900057434,ok,282,223584,2,2,20,,环境信息,医药|TMT/电子|消费,19.9
688711,宏微科技,gfbj0831872,ok,317,221565,4,20,22,,环境信息,TMT/电子|消费,22.2
688776,国光电气,GD005988,ok,266,235858,6,3,11,,环境信息,TMT/电子|消费,19.9
688793,倍轻松,gfbj0837027,ok,262,201985,0,0,13,,环境信息,TMT/电子|消费,17.6
