code,name,orgId,title,url,size_kb
002808,*ST恒久,9900010487,2025年年度报告,http://static.cninfo.com.cn/finalpage/2026-04-30/1225275793.pdf,1187
002898,*ST赛隆,9900032573,2025年年度报告,http://static.cninfo.com.cn/finalpage/2026-04-30/1225274273.PDF,1491
300572,安车检测,9900028813,2025年年度报告,http://static.cninfo.com.cn/finalpage/2026-04-30/1225274378.PDF,1269
002310,东方新能,9900009031,2025年年度报告,http://static.cninfo.com.cn/finalpage/2026-04-30/1225273589.PDF,3796
000858,五 粮 液,gssz0000858,2025年年度报告,http://static.cninfo.com.cn/finalpage/2026-04-30/1225273091.PDF,3014
300716,ST泉为,9900034391,2025年年度报告,http://static.cninfo.com.cn/finalpage/2026-04-30/1225269635.PDF,1435
300010,豆神教育,9900008267,2025年年度报告,http://static.cninfo.com.cn/finalpage/2026-04-30/1225269276.PDF,1425
688033,天宜新材,9900039155,天宜新材：2025年年度报告,http://static.cninfo.com.cn/finalpage/2026-04-30/1225269219.PDF,1767
603398,*ST沐邦,9900024444,江西沐邦高科股份有限公司2025年年度报告,http://static.cninfo.com.cn/finalpage/2026-04-30/1225269210.PDF,5552
300029,*ST天龙,9900009118,2025年年度报告,http://static.cninfo.com.cn/finalpage/2026-04-30/1225269131.PDF,1124
000078,海王生物,gssz0000078,2025年年度报告,http://static.cninfo.com.cn/finalpage/2026-04-30/1225269100.PDF,1677
002667,威领股份,9900022274,2025年年度报告,http://static.cninfo.com.cn/finalpage/2026-04-30/1225269073.PDF,1084
600608,*ST沪科,gssh0600608,*ST沪科2025年年度报告,http://static.cninfo.com.cn/finalpage/2026-04-30/1225269057.PDF,1372
603843,*ST正平,9900027728,正平股份2025年年度报告,http://static.cninfo.com.cn/finalpage/2026-04-30/1225269023.PDF,1684
600238,*ST椰岛,gssh0600238,*ST椰岛2020年年度报告(修订后),http://static.cninfo.com.cn/finalpage/2026-04-30/1225268998.PDF,1358
600636,*ST国化,gssh0600636,国新文化控股股份有限公司2025年年度报告,http://static.cninfo.com.cn/finalpage/2026-04-30/1225268939.PDF,1249
002082,万邦德,9900001284,2025年年度报告,http://static.cninfo.com.cn/finalpage/2026-04-30/1225268901.PDF,2537
603567,珍宝岛,9900023465,黑龙江珍宝岛药业股份有限公司2025年年度报告,http://static.cninfo.com.cn/finalpage/2026-04-30/1225268859.PDF,1593
603389,*ST亚振,9900026793,2025年年度报告,http://static.cninfo.com.cn/finalpage/2026-04-30/1225268835.PDF,3179
301030,仕净科技,gfbj0835710,2025年年度报告,http://static.cninfo.com.cn/finalpage/2026-04-30/1225268782.PDF,1627
688189,南新制药,9900039656,南新制药2025年年度报告,http://static.cninfo.com.cn/finalpage/2026-04-30/1225268750.PDF,1415
300560,中富通,9900029016,2025年年度报告,http://static.cninfo.com.cn/finalpage/2026-04-30/1225268698.PDF,1970
300430,诚益通,9900023829,2025年年度报告,http://static.cninfo.com.cn/finalpage/2026-04-30/1225268572.PDF,1720
600400,红豆股份,gssh0600400,红豆股份2025年年度报告,http://static.cninfo.com.cn/finalpage/2026-04-30/1225268532.PDF,2530
600187,国中水务,gssh0600187,2025年年度报告,http://static.cninfo.com.cn/finalpage/2026-04-30/1225268476.PDF,1487
603051,鹿山新材,9900022812,广州鹿山新材料股份有限公司2025年年度报告,http://static.cninfo.com.cn/finalpage/2026-04-30/1225268414.PDF,1609
601666,平煤股份,9900001301,平煤股份2025年年度报告,http://static.cninfo.com.cn/finalpage/2026-04-30/1225268361.PDF,1693
603535,嘉诚国际,9900023643,2025年年度报告,http://static.cninfo.com.cn/finalpage/2026-04-30/1225268338.PDF,2100
600599,*ST熊猫,gssh0600599,*ST熊猫2025年年度报告全文,http://static.cninfo.com.cn/finalpage/2026-04-30/1225268281.PDF,1212
300094,国联水产,9900012529,2025年年度报告,http://static.cninfo.com.cn/finalpage/2026-04-30/1225268221.PDF,3920
688559,海目星,9900041799,海目星：2025年年度报告,http://static.cninfo.com.cn/finalpage/2026-04-30/1225268212.PDF,2167
600396,华电辽能,gssh0600396,2025年年度报告,http://static.cninfo.com.cn/finalpage/2026-04-30/1225268141.PDF,1295
603378,亚士创能,9900030399,亚士创能2025年年度报告,http://static.cninfo.com.cn/finalpage/2026-04-30/1225268100.PDF,1522
600340,华夏幸福,gssh0600340,华夏幸福2025年年度报告,http://static.cninfo.com.cn/finalpage/2026-04-30/1225268011.PDF,2160
605081,*ST太和,9900039856,上海太和水科技发展股份有限公司2025年年度报告,http://static.cninfo.com.cn/finalpage/2026-04-30/1225267992.PDF,1654
688022,瀚川智能,9900039049,瀚川智能2025年年度报告,http://static.cninfo.com.cn/finalpage/2026-04-30/1225267939.PDF,2066
600363,联创光电,gssh0600363,2025年年度报告,http://static.cninfo.com.cn/finalpage/2026-04-30/1225267898.PDF,1596
603690,至纯科技,9900023872,2025年年度报告,http://static.cninfo.com.cn/finalpage/2026-04-30/1225267363.PDF,1827
688576,西山科技,gfbj0834788,重庆西山科技股份有限公司2025年年度报告,http://static.cninfo.com.cn/finalpage/2026-04-30/1225266996.PDF,1363
603128,华贸物流,9900022718,港中旅华贸国际物流股份有限公司2025年年度报告,http://static.cninfo.com.cn/finalpage/2026-04-30/1225266895.PDF,1556
600567,山鹰国际,gssh0600567,2025年年度报告,http://static.cninfo.com.cn/finalpage/2026-04-30/1225266881.PDF,1832
600540,新赛股份,gssh0600540,新疆赛里木现代农业股份有限公司2025年年度报告,http://static.cninfo.com.cn/finalpage/2026-04-30/1225266868.PDF,1810
600302,标准股份,gssh0600302,标准股份2025年年度报告全文,http://static.cninfo.com.cn/finalpage/2026-04-30/1225266733.PDF,1220
600337,美克家居,gssh0600337,美克国际家居用品股份有限公司2025年年度报告,http://static.cninfo.com.cn/finalpage/2026-04-30/1225266704.PDF,2315
688439,振华风光,9900053041,贵州振华风光半导体股份有限公司2025年年度报告,http://static.cninfo.com.cn/finalpage/2026-04-30/1225266680.PDF,1600
002368,太极股份,9900010929,2025年年度报告,http://static.cninfo.com.cn/finalpage/2026-04-30/1225266598.PDF,6304
603323,苏农银行,9900022945,苏农银行2025年年度报告,http://static.cninfo.com.cn/finalpage/2026-04-30/1225266588.PDF,7552
600745,闻泰科技,gssh0600745,2025年年度报告,http://static.cninfo.com.cn/finalpage/2026-04-30/1225266523.PDF,2998
000981,山子高科,gssz0000981,2025年年度报告,http://static.cninfo.com.cn/finalpage/2026-04-30/1225266485.PDF,1403
601187,厦门银行,9900012128,厦门银行股份有限公司2025年年度报告,http://static.cninfo.com.cn/finalpage/2026-04-30/1225266446.PDF,2771
000677,恒天海龙,gssz0000677,2025年年度报告,http://static.cninfo.com.cn/finalpage/2026-04-30/1225266384.PDF,2654
002514,宝馨科技,9900016129,2025年年度报告,http://static.cninfo.com.cn/finalpage/2026-04-30/1225266348.PDF,1404
002989,中天精装,9900034522,2025年年度报告,http://static.cninfo.com.cn/finalpage/2026-04-30/1225266311.PDF,1650
300352,北信源,9900022471,2025年年度报告,http://static.cninfo.com.cn/finalpage/2026-04-30/1225266274.PDF,1556
300167,ST迪威迅,9900016311,2025年年度报告,http://static.cninfo.com.cn/finalpage/2026-04-30/1225266244.PDF,1140
603580,*ST艾艾,gfbj0430599,艾艾精密工业输送系统（上海）股份有限公司2025年度报告,http://static.cninfo.com.cn/finalpage/2026-04-30/1225266207.PDF,3065
605122,四方新材,9900039751,重庆四方新材股份有限公司2025年年度报告,http://static.cninfo.com.cn/finalpage/2026-04-30/1225266162.PDF,1231
600381,*ST春天,gssh0600381,青海春天2025年年度报告全文,http://static.cninfo.com.cn/finalpage/2026-04-30/1225266135.PDF,1306
600965,福成股份,gssh0600965,福成股份：2025年年度报告,http://static.cninfo.com.cn/finalpage/2026-04-30/1225266102.PDF,1427
002883,中设股份,9900031776,2025年年度报告,http://static.cninfo.com.cn/finalpage/2026-04-30/1225266060.PDF,1415
603189,网达软件,9900026063,网达软件2025年年度报告,http://static.cninfo.com.cn/finalpage/2026-04-30/1225266031.PDF,1256
688032,禾迈股份,9900046513,杭州禾迈电力电子股份有限公司2025年年度报告,http://static.cninfo.com.cn/finalpage/2026-04-30/1225266006.PDF,1918
688066,航天宏图,fzqy1026111,2025年年度报告,http://static.cninfo.com.cn/finalpage/2026-04-30/1225265967.PDF,1824
002198,嘉应制药,9900003905,2025年年度报告,http://static.cninfo.com.cn/finalpage/2026-04-30/1225265922.PDF,1279
688289,圣湘生物,nssc1000305,圣湘生物科技股份有限公司2025年年度报告全文,http://static.cninfo.com.cn/finalpage/2026-04-30/1225265866.PDF,1675
603818,曲美家居,9900023523,2025年年度报告,http://static.cninfo.com.cn/finalpage/2026-04-30/1225265797.PDF,1460
002109,兴化股份,9900002009,2025年年度报告,http://static.cninfo.com.cn/finalpage/2026-04-30/1225265689.PDF,4728
600897,厦门空港,gssh0600897,厦门空港2025年年度报告,http://static.cninfo.com.cn/finalpage/2026-04-30/1225265648.PDF,1201
600682,南京新百,gssh0600682,南京新百2025年年度报告,http://static.cninfo.com.cn/finalpage/2026-04-30/1225265623.PDF,1888
688333,铂力特,9900039046,西安铂力特增材技术股份有限公司2025年年度报告,http://static.cninfo.com.cn/finalpage/2026-04-30/1225265594.PDF,1525
600482,中国动力,gssh0600482,中国动力2025年年度报告,http://static.cninfo.com.cn/finalpage/2026-04-30/1225265585.PDF,3629
600892,*ST大晟,gssh0600892,2025年年度报告,http://static.cninfo.com.cn/finalpage/2026-04-30/1225265529.PDF,1315
600117,西宁特钢,gssh0600117,西宁特殊钢股份有限公司2025年度报告,http://static.cninfo.com.cn/finalpage/2026-04-30/1225265486.PDF,1573
688484,南芯科技,9900056052,2025年年度报告,http://static.cninfo.com.cn/finalpage/2026-04-30/1225265339.PDF,1691
688159,有方科技,gfbj0835770,有方科技：2025年年度报告,http://static.cninfo.com.cn/finalpage/2026-04-30/1225265320.PDF,1457
603636,南威软件,9900023642,南威软件：2025年年度报告,http://static.cninfo.com.cn/finalpage/2026-04-30/1225265236.PDF,1739
603628,清源股份,9900023615,2025年年度报告,http://static.cninfo.com.cn/finalpage/2026-04-30/1225265232.PDF,2184
603195,公牛集团,9900037723,公牛集团股份有限公司2025年年度报告,http://static.cninfo.com.cn/finalpage/2026-04-30/1225265197.PDF,1495
605287,德才股份,9900041678,德才股份2025年年度报告,http://static.cninfo.com.cn/finalpage/2026-04-30/1225265144.PDF,3444
688409,富创精密,9900048393,2025年年度报告,http://static.cninfo.com.cn/finalpage/2026-04-30/1225265029.PDF,1761
688150,莱特光电,gfbj0835249,陕西莱特光电材料股份有限公司2025年年度报告,http://static.cninfo.com.cn/finalpage/2026-04-30/1225264996.PDF,1668
603801,志邦家居,9900032419,2025年年度报告,http://static.cninfo.com.cn/finalpage/2026-04-30/1225264902.PDF,3774
600158,中体产业,gssh0600158,中体产业集团股份有限公司2025年年度报告,http://static.cninfo.com.cn/finalpage/2026-04-30/1225264879.PDF,1286
301152,天力锂能,gfbj0833757,2025年年度报告,http://static.cninfo.com.cn/finalpage/2026-04-30/1225264812.PDF,1382
600076,康欣新材,gssh0600076,2025年年度报告,http://static.cninfo.com.cn/finalpage/2026-04-30/1225264739.PDF,1318
600107,ST尔雅,gssh0600107,2025年年度报告,http://static.cninfo.com.cn/finalpage/2026-04-30/1225264726.PDF,1424
688793,倍轻松,gfbj0837027,2025年年度报告,http://static.cninfo.com.cn/finalpage/2026-04-30/1225264650.PDF,1763
600643,爱建集团,gssh0600643,爱建集团2025年年度报告,http://static.cninfo.com.cn/finalpage/2026-04-30/1225264623.PDF,1455
688711,宏微科技,gfbj0831872,江苏宏微科技股份有限公司2025年年度报告,http://static.cninfo.com.cn/finalpage/2026-04-30/1225264491.PDF,1812
600246,万通发展,gssh0600246,2025年年度报告,http://static.cninfo.com.cn/finalpage/2026-04-30/1225264480.PDF,1451
600328,中盐化工,gssh0600328,中盐化工2025年年度报告,http://static.cninfo.com.cn/finalpage/2026-04-30/1225264448.PDF,1897
600009,上海机场,gssh0600009,上海机场2025年年度报告,http://static.cninfo.com.cn/finalpage/2026-04-30/1225264362.PDF,1485
603290,斯达半导,9900023794,斯达半导体股份有限公司2025年年度报告,http://static.cninfo.com.cn/finalpage/2026-04-30/1225264305.PDF,1298
600696,*ST岩石,gssh0600696,2025年度报告,http://static.cninfo.com.cn/finalpage/2026-04-30/1225264273.PDF,1300
603717,天域生物,9900030817,2025年年度报告,http://static.cninfo.com.cn/finalpage/2026-04-30/1225264243.PDF,1409
603880,南卫股份,9900031500,南卫股份2025年年度报告,http://static.cninfo.com.cn/finalpage/2026-04-30/1225264225.PDF,1234
688458,美芯晟,9900055791,2025年年度报告,http://static.cninfo.com.cn/finalpage/2026-04-30/1225264171.PDF,2101
600847,万里股份,gssh0600847,万里股份2025年年度报告,http://static.cninfo.com.cn/finalpage/2026-04-30/1225264036.PDF,1065
688339,亿华通,gfbj0834613,亿华通2025年年度报告,http://static.cninfo.com.cn/finalpage/2026-04-30/1225263987.PDF,1473
002828,贝肯能源,9900028824,2025年年度报告,http://static.cninfo.com.cn/finalpage/2026-04-30/1225263923.PDF,1182
688599,天合光能,GD155612,天合光能股份有限公司2025年年度报告,http://static.cninfo.com.cn/finalpage/2026-04-30/1225263857.PDF,2166
688561,奇安信,9900041361,奇安信2025年年度报告,http://static.cninfo.com.cn/finalpage/2026-04-30/1225263748.PDF,1803
600322,津投城开,gssh0600322,津投城开2025年年度报告,http://static.cninfo.com.cn/finalpage/2026-04-30/1225263729.PDF,1422
603280,南方路机,nssc1000815,南方路机2025年年度报告,http://static.cninfo.com.cn/finalpage/2026-04-30/1225263699.PDF,4170
603387,基蛋生物,9900031490,基蛋生物：2025年年度报告,http://static.cninfo.com.cn/finalpage/2026-04-30/1225263696.PDF,1584
688219,会通股份,9900041353,会通新材料股份有限公司2025年年度报告,http://static.cninfo.com.cn/finalpage/2026-04-30/1225263675.PDF,1876
603989,艾华集团,9900023223,湖南艾华集团股份有限公司2025年年度报告,http://static.cninfo.com.cn/finalpage/2026-04-30/1225263610.PDF,2575
002269,美邦服饰,9900005143,2025年年度报告,http://static.cninfo.com.cn/finalpage/2026-04-30/1225263525.PDF,1283
688776,国光电气,GD005988,国光电气2025年年度报告,http://static.cninfo.com.cn/finalpage/2026-04-30/1225263368.PDF,2722
002486,嘉麟杰,9900014995,2025年年度报告,http://static.cninfo.com.cn/finalpage/2026-04-30/1225263288.PDF,1410
603759,海天股份,9900041834,2025年年度报告,http://static.cninfo.com.cn/finalpage/2026-04-30/1225263258.PDF,1606
600884,杉杉股份,gssh0600884,杉杉股份2025年年度报告,http://static.cninfo.com.cn/finalpage/2026-04-30/1225263241.PDF,3179
601696,中银证券,qsgn0000638,2025年年度报告,http://static.cninfo.com.cn/finalpage/2026-04-30/1225263166.PDF,1588
600436,片仔癀,gssh0600436,漳州片仔癀药业股份有限公司2025年年度报告,http://static.cninfo.com.cn/finalpage/2026-04-30/1225263103.PDF,1513
601162,天风证券,qsgn0000533,天风证券股份有限公司2025年年度报告,http://static.cninfo.com.cn/finalpage/2026-04-30/1225263059.PDF,1595
688710,益诺思,9900057434,2025年年度报告,http://static.cninfo.com.cn/finalpage/2026-04-30/1225263032.PDF,1723
600491,龙元建设,gssh0600491,龙元建设2025年年度报告,http://static.cninfo.com.cn/finalpage/2026-04-30/1225262861.PDF,1486
600354,敦煌种业,gssh0600354,甘肃省敦煌种业集团股份有限公司2025年年度报告,http://static.cninfo.com.cn/finalpage/2026-04-30/1225262857.PDF,1202
688076,ST诺泰,gfbj0835572,ST诺泰：2025年年度报告,http://static.cninfo.com.cn/finalpage/2026-04-30/1225262826.PDF,1826
603927,中科软,gfbj0430002,中科软2025年年度报告,http://static.cninfo.com.cn/finalpage/2026-04-30/1225262795.PDF,1734
603668,天马科技,9900029592,天马科技2025年年度报告,http://static.cninfo.com.cn/finalpage/2026-04-30/1225262790.PDF,3152
688247,宣泰医药,9900046770,2025年年度报告,http://static.cninfo.com.cn/finalpage/2026-04-30/1225262784.PDF,1861
601222,林洋能源,9900021223,江苏林洋能源股份有限公司2025年年度报告,http://static.cninfo.com.cn/finalpage/2026-04-30/1225262743.PDF,1665
300396,迪瑞医疗,9900022681,2025年年度报告,http://static.cninfo.com.cn/finalpage/2026-04-30/1225262642.PDF,1920
600072,中船科技,gssh0600072,中船科技股份有限公司2025年年度报告,http://static.cninfo.com.cn/finalpage/2026-04-30/1225262560.PDF,1985
603030,全筑股份,9900023461,全筑股份2025年年度报告,http://static.cninfo.com.cn/finalpage/2026-04-30/1225262558.PDF,1364
600229,城市传媒,gssh0600229,青岛城市传媒股份有限公司2025年年度报告,http://static.cninfo.com.cn/finalpage/2026-04-30/1225262548.PDF,1451
600653,申华控股,gssh0600653,申华控股2025年年度报告（修订稿）,http://static.cninfo.com.cn/finalpage/2026-04-30/1225262514.PDF,1212
688573,信宇人,9900041756,深圳市信宇人科技股份有限公司2025年年度报告,http://static.cninfo.com.cn/finalpage/2026-04-30/1225262471.PDF,1998
601003,柳钢股份,9900002182,柳钢股份2025年年度报告,http://static.cninfo.com.cn/finalpage/2026-04-30/1225262431.PDF,1363
688410,山外山,gfbj0838057,2025年年度报告,http://static.cninfo.com.cn/finalpage/2026-04-30/1225262283.PDF,2044
688323,瑞华泰,9900041792,瑞华泰：2025年年度报告,http://static.cninfo.com.cn/finalpage/2026-04-30/1225262279.PDF,1506
603800,洪田股份,9900024532,2025年年度报告,http://static.cninfo.com.cn/finalpage/2026-04-30/1225262219.PDF,1671
600783,鲁信创投,gssh0600783,鲁信创投2025年年度报告,http://static.cninfo.com.cn/finalpage/2026-04-30/1225262176.PDF,1364
603027,千禾味业,9900024904,千禾味业食品股份有限公司2025年年度报告,http://static.cninfo.com.cn/finalpage/2026-04-30/1225262172.PDF,1182
688478,晶升股份,9900053817,南京晶升装备股份有限公司2025年年度报告,http://static.cninfo.com.cn/finalpage/2026-04-30/1225262156.PDF,1826
600248,陕建股份,gssh0600248,陕西建工集团股份有限公司2025年年度报告,http://static.cninfo.com.cn/finalpage/2026-04-30/1225262130.PDF,4146
600900,长江电力,gssh0600900,长江电力2025年年度报告,http://static.cninfo.com.cn/finalpage/2026-04-30/1225262036.PDF,1499
002602,世纪华通,9900021007,2025年年度报告,http://static.cninfo.com.cn/finalpage/2026-04-30/1225261915.PDF,2001
603718,海利生物,9900023467,海利生物2025年年度报告,http://static.cninfo.com.cn/finalpage/2026-04-30/1225261834.PDF,1582
002605,姚记科技,9900021171,2025年年度报告,http://static.cninfo.com.cn/finalpage/2026-04-30/1225261769.PDF,4651
002609,捷顺科技,9900021238,2025年年度报告,http://static.cninfo.com.cn/finalpage/2026-04-30/1225261733.PDF,1334
000892,欢瑞世纪,gssz0000892,2025年年度报告,http://static.cninfo.com.cn/finalpage/2026-04-30/1225261706.PDF,1111
601106,中国一重,9900010530,中国第一重型机械股份公司2025年年度报告,http://static.cninfo.com.cn/finalpage/2026-04-30/1225261665.PDF,1822
300076,GQY视讯,9900011370,2025年年度报告,http://static.cninfo.com.cn/finalpage/2026-04-30/1225261549.PDF,1220
688223,晶科能源,9900017709,晶科能源2025年年度报告,http://static.cninfo.com.cn/finalpage/2026-04-30/1225261496.PDF,1898
603368,柳药集团,9900022939,广西柳药集团股份有限公司2025年年度报告,http://static.cninfo.com.cn/finalpage/2026-04-30/1225261492.PDF,1671
688075,安旭生物,nssc1000391,安旭生物2025年年度报告,http://static.cninfo.com.cn/finalpage/2026-04-30/1225261344.PDF,1731
000793,*ST华闻,gssz0000793,2025年年度报告,http://static.cninfo.com.cn/finalpage/2026-04-30/1225261282.PDF,1313
688171,纬德信息,nssc1000503,2025年年度报告,http://static.cninfo.com.cn/finalpage/2026-04-30/1225261230.PDF,1775
600933,爱柯迪,gfbj0834393,2025年年度报告,http://static.cninfo.com.cn/finalpage/2026-04-30/1225261228.PDF,1538
603215,比依股份,nssc1000801,浙江比依电器股份有限公司2025年年度报告,http://static.cninfo.com.cn/finalpage/2026-04-30/1225261213.PDF,1543
600150,中国船舶,gssh0600150,中国船舶工业股份有限公司2025年年度报告,http://static.cninfo.com.cn/finalpage/2026-04-30/1225261150.PDF,2101
603978,深圳新星,9900031492,2025年年度报告,http://static.cninfo.com.cn/finalpage/2026-04-30/1225260826.PDF,1784
603711,香飘飘,9900031497,香飘飘2025年年度报告,http://static.cninfo.com.cn/finalpage/2026-04-30/1225260814.PDF,2561
605008,长鸿高科,9900039739,2025年年度报告,http://static.cninfo.com.cn/finalpage/2026-04-30/1225260746.PDF,1503
688007,光峰科技,9900038970,2025年年度报告,http://static.cninfo.com.cn/finalpage/2026-04-30/1225260647.PDF,1579
603358,华达科技,9900029980,华达汽车科技股份有限公司2025年年度报告,http://static.cninfo.com.cn/finalpage/2026-04-30/1225260644.PDF,1305
002031,巨轮智能,gssz0002031,2025年年度报告,http://static.cninfo.com.cn/finalpage/2026-04-30/1225260516.PDF,2264
688212,澳华内镜,9900047918,2025年年度报告,http://static.cninfo.com.cn/finalpage/2026-04-30/1225260480.PDF,1880
600587,新华医疗,gssh0600587,新华医疗2025年年度报告,http://static.cninfo.com.cn/finalpage/2026-04-30/1225260404.PDF,1591
600208,衢州发展,gssh0600208,2025年年度报告,http://static.cninfo.com.cn/finalpage/2026-04-30/1225260353.PDF,1620
603707,健友股份,9900022971,健友股份2025年年度报告,http://static.cninfo.com.cn/finalpage/2026-04-30/1225260266.PDF,1710
688625,呈和科技,gfbj0838731,2025年年度报告,http://static.cninfo.com.cn/finalpage/2026-04-30/1225260242.PDF,1684
605303,园林股份,9900031489,2025年年度报告,http://static.cninfo.com.cn/finalpage/2026-04-30/1225260194.PDF,1287
600212,绿能慧充,gssh0600212,绿能慧充2025年年度报告,http://static.cninfo.com.cn/finalpage/2026-04-30/1225260025.PDF,2864
600521,华海药业,gssh0600521,浙江华海药业股份有限公司2025年年度报告,http://static.cninfo.com.cn/finalpage/2026-04-30/1225259952.PDF,1691
603021,ST华鹏,9900023482,山东华鹏2025年年度报告,http://static.cninfo.com.cn/finalpage/2026-04-30/1225259897.PDF,1284
603898,好莱客,9900023664,广州好莱客创意家居股份有限公司2025年年度报告,http://static.cninfo.com.cn/finalpage/2026-04-30/1225259862.PDF,2051
688348,昱能科技,9900052521,2025年年度报告,http://static.cninfo.com.cn/finalpage/2026-04-30/1225259857.PDF,2185
603609,禾丰股份,9900022976,禾丰股份2025年年度报告,http://static.cninfo.com.cn/finalpage/2026-04-30/1225259572.PDF,1754
600887,伊利股份,gssh0600887,内蒙古伊利实业集团股份有限公司2025年年度报告,http://static.cninfo.com.cn/finalpage/2026-04-30/1225259562.PDF,1468
600996,贵广网络,9900030438,2025年年度报告,http://static.cninfo.com.cn/finalpage/2026-04-30/1225259560.PDF,1466
603052,可川科技,9900039839,2025年年度报告,http://static.cninfo.com.cn/finalpage/2026-04-30/1225259559.PDF,1148
600779,水井坊,gssh0600779,水井坊2025年年度报告,http://static.cninfo.com.cn/finalpage/2026-04-30/1225259544.PDF,1976
688443,智翔金泰,9900056031,2025年年度报告,http://static.cninfo.com.cn/finalpage/2026-04-30/1225259475.PDF,1629
688272,富吉瑞,9900046529,2025年年度报告,http://static.cninfo.com.cn/finalpage/2026-04-30/1225259453.PDF,1453
688001,华兴源创,9900038969,华兴源创：2025年年度报告,http://static.cninfo.com.cn/finalpage/2026-04-30/1225259389.PDF,4821
600438,通威股份,gssh0600438,通威股份有限公司2025年年度报告,http://static.cninfo.com.cn/finalpage/2026-04-30/1225259224.PDF,1732
603023,威帝股份,9900023114,哈尔滨威帝电子股份有限公司2025年年度报告,http://static.cninfo.com.cn/finalpage/2026-04-30/1225259149.PDF,1208
688218,江苏北人,gfbj0836084,2025年年度报告全文,http://static.cninfo.com.cn/finalpage/2026-04-30/1225259116.PDF,3860
600624,ST复华,gssh0600624,上海复旦复华科技股份有限公司2025年年度报告,http://static.cninfo.com.cn/finalpage/2026-04-30/1225258994.PDF,1334
600517,国网英大,gssh0600517,国网英大2025年年度报告,http://static.cninfo.com.cn/finalpage/2026-04-30/1225258897.PDF,2252
002663,普邦股份,9900022158,2025年年度报告,http://static.cninfo.com.cn/finalpage/2026-04-30/1225258798.PDF,5983
603661,恒林股份,9900022987,恒林股份2025年年度报告,http://static.cninfo.com.cn/finalpage/2026-04-30/1225258766.PDF,1919
603528,多伦科技,9900026209,多伦科技2025年年度报告,http://static.cninfo.com.cn/finalpage/2026-04-30/1225258763.PDF,3368
600620,天宸股份,gssh0600620,上海市天宸股份有限公司2025年年度报告,http://static.cninfo.com.cn/finalpage/2026-04-30/1225258755.PDF,1222
603212,赛伍技术,9900036558,2025年年度报告,http://static.cninfo.com.cn/finalpage/2026-04-30/1225258726.PDF,1796
688237,超卓航科,gfbj0839971,超卓航科2025年年度报告,http://static.cninfo.com.cn/finalpage/2026-04-30/1225258586.PDF,1809
600844,金煤科技,gssh0600844,2025年年度报告,http://static.cninfo.com.cn/finalpage/2026-04-30/1225258475.PDF,1318
688618,三旺通信,nssc1000604,深圳市三旺通信股份有限公司2025年年度报告,http://static.cninfo.com.cn/finalpage/2026-04-30/1225258419.PDF,2670
605288,凯迪股份,9900038386,常州市凯迪电器股份有限公司2025年年度报告全文,http://static.cninfo.com.cn/finalpage/2026-04-30/1225258364.PDF,1181
600905,三峡能源,9900016549,2025年年度报告,http://static.cninfo.com.cn/finalpage/2026-04-30/1225258316.PDF,2489
688567,孚能科技,9900040620,孚能科技2025年年度报告,http://static.cninfo.com.cn/finalpage/2026-04-30/1225258214.PDF,1584
600392,盛和资源,gssh0600392,盛和资源2025年年度报告,http://static.cninfo.com.cn/finalpage/2026-04-30/1225258047.PDF,1804
600850,电科数字,gssh0600850,中电科数字技术股份有限公司2025年年度报告,http://static.cninfo.com.cn/finalpage/2026-04-30/1225258044.PDF,1854
600807,济高发展,gssh0600807,济高发展2025年年度报告,http://static.cninfo.com.cn/finalpage/2026-04-30/1225257993.PDF,1481
601006,大秦铁路,9900000261,大秦铁路2025年年度报告,http://static.cninfo.com.cn/finalpage/2026-04-30/1225257951.PDF,1362
600406,国电南瑞,gssh0600406,国电南瑞2025年年度报告,http://static.cninfo.com.cn/finalpage/2026-04-30/1225257886.PDF,2877
